,lesion_tissue_type,lesion_locus,lesion,x,y,z,weeks,barcode,cfu,barcode_dissem_type,barcode_id,lesion_dissem_type,lesion_id,present
0,Gran,RLL,RLLD,-32.470001,-12.284737,-152.613998,13.0,q23 TCATCCA,76.96192,disseminated,1,disseminating,4,0
1,Gran,RLL,RLLG,-39.203064,-16.095079,-146.363998,,q19 ATGATGG,330.32503,contained,12,containing,13,0
2,Gran,RLL,RLL01,-36.234276,-17.984251,-108.863998,5.0,q24 TATCCTT,668.343825,contained,3,containing,7,0
3,Gran,RLL,RLL04,-26.592899,-10.289015,-122.613998,4.0,q24 GTGCAGG,375.69045,contained,4,containing,8,0
4,Gran,RLL,RLL05,-23.842337,-13.183563,-127.613998,4.0,q23 CGTGATG,176.9598375,contained,6,disseminating,1,0
5,Gran,RLL,RLL05,-23.842337,-13.183563,-127.613998,4.0,q23 TTTGGGT,176.9598375,disseminated,2,disseminating,1,0
6,Gran,RLL,RLL06,-26.130524,-17.093746,-127.613998,,q23 TTTGGGT,8.30372,disseminated,2,disseminating,2,0
7,Gran,RLL,RLL07,-39.712475,-18.660055,-127.613998,5.0,q19 CCTTATT,2780.10933,contained,5,containing,9,0
8,Gran,RLL,RLL09,-36.012524,-14.689083,-135.113998,4.0,q24 GTTCCTC,105.82264,contained,8,containing,10,0
9,Gran,RLL,RLL09,-36.012524,-14.689083,-135.113998,4.0,q19 TATGTTC,105.82264,contained,7,containing,10,0
10,Gran,RLL,RLL10,-30.660828,-12.518322,-140.113998,4.0,q24 TGTAGTA,1557.24657,contained,9,containing,11,0
11,Gran,RLL,RLL10,-30.660828,-12.518322,-140.113998,4.0,q24 TGTCCCC,1557.24657,contained,10,containing,11,0
12,Gran,RLL,RLL13,-45.68877,-13.554104,-141.363998,5.0,q19 CTTTTGT,1502.7618,contained,11,containing,12,0
13,Gran,RLL,RLL15,-27.914108,-16.312988,-147.613998,4.0,q23 TCATCCA,70.783935,disseminated,1,disseminating,3,0
14,Gran,RLL,RLL16,-33.379711,-20.273405,-147.613998,5.0,q24 TTCCGAG,1427.62371,contained,13,containing,14,0
15,Gran,RLL,RLL19,-43.189713,-11.263356,-153.863998,4.0,q19 AAAGCCG,773.15175,contained,14,containing,15,0
16,Gran,RLL,RLL20,-31.058243,-20.112768,-153.863998,16.0,q23 TCATCCA,86.58216,disseminated,1,disseminating,5,0
19,Gran,RLL,RLLC,,,,,q23 TCATCCA,76.96192,disseminated,1,disseminating,6,0
20,Gran,RLL,RLLF,,,,,q19 GGGGATA,212.351805,contained,16,containing,17,0
21,Gran,RLL,RLLI,,,,,q19 CGTCCTG,778.623285,contained,15,containing,16,0
