idx,qtag,barcode,mcountsPF,readsPF,percent_mcountsPF
ratios-01,q19,GGGCGGC,79618,102145,100.0
ratios-02,q24,CAGAAGT,75662,95471,100.0
ratios-04,q24,GCTTTAG,89143,118591,100.0
ratios-05,q27,CGCATAG,71214,88842,100.0
ratios-07,q19,GGGCGGC,43283,49084,56.5495165926
ratios-07,q24,CAGAAGT,33257,36561,43.4504834074
ratios-08,q25,GGAGCCA,36053,40086,57.9294941834
ratios-08,q26,CGCTTTG,26183,28094,42.0705058166
ratios-09,q27,GAGGAGT,49738,57584,71.6861479037
ratios-09,q19,CCGCCTG,19645,20767,28.3138520963
ratios-10,q24,CCAGTTG,41816,47259,72.7007197747
ratios-10,q24,ATTCGCT,15702,16376,27.2992802253
ratios-11,q26,CGTAAAC,81232,104913,91.1541266902
ratios-11,q27,GCGGTAG,7883,8044,8.84587330977
ratios-12,q19,CTGGCGT,78535,100514,95.4867654747
ratios-12,q24,GCTTTAG,3712,3739,4.51323452527
ratios-13,q25,CCCGTCT,69129,85469,99.7115204316
ratios-13,q26,CATATAT,200,201,0.288479568435
ratios-14,q19,GGGCGGC,21111,22459,56.5675241158
ratios-14,q27,CGCATAG,16209,16977,43.4324758842
ratios-15,q25,GGAGCCA,17705,18607,63.6389777506
ratios-15,q27,GAGGAGT,10116,10409,36.3610222494
ratios-16,q19,CCGCCTG,35493,39366,83.6349498091
ratios-16,q25,ACAATGA,6945,7090,16.3650501909
ratios-17,q19,CTGGCGT,5933,6028,42.3694922517
ratios-17,q24,GCTTTAG,5218,5305,37.2634435478
ratios-17,q26,CGTAAAC,2852,2879,20.3670642005
ratios-18,q19,GGGCGGC,14184,14750,33.6864104878
ratios-18,q24,CAGAAGT,11074,11405,26.3002897449
ratios-18,q27,CGCATAG,10387,10676,24.6686932979
ratios-18,q26,CATATAT,6461,6583,15.3446064694
ratios-19,q19,CCGCCTG,7671,7840,26.4590231788
ratios-19,q26,CGCTTTG,6449,6564,22.2440673289
ratios-19,q24,CCAGTTG,5745,5832,19.8158112583
ratios-19,q27,GAGGAGT,5450,5544,18.7982891832
ratios-19,q25,ACAATGA,3677,3721,12.6828090508
ratios-20,q24,GCTTTAG,3079,3107,30.606361829
ratios-20,q19,CTGGCGT,2885,2906,28.6779324056
ratios-20,q25,CCCGTCT,2518,2547,25.0298210736
ratios-20,q26,CGTAAAC,1578,1587,15.6858846918
ratios-21,q26,CATATAT,17785,18720,70.1937877412
ratios-21,q19,GGGCGGC,7552,7705,29.8062122588
ratios-22,q26,CGCTTTG,40450,45571,90.2519020951
ratios-22,q25,ACAATGA,4369,4421,9.74809790491
ratios-23,q27,GCGGTAG,37849,42369,90.9328976768
ratios-23,q19,CTGGCGT,3774,3831,9.06710232323
ratios-24,q19,GGGCGGC,12299,12736,39.3404343793
ratios-24,q27,CGCATAG,11083,11455,35.4508524454
ratios-24,q26,CATATAT,7881,8031,25.2087131753
ratios-25,q26,CGCTTTG,19390,20515,40.7139107612
ratios-25,q27,GAGGAGT,14273,14838,29.9695538058
ratios-25,q19,CCGCCTG,9789,10048,20.5543307087
ratios-25,q24,CCAGTTG,4173,4222,8.76220472441
ratios-26,q26,CGTAAAC,19019,20018,66.2175335979
ratios-26,q19,CTGGCGT,9703,9960,33.7824664021
