idx,qtag,barcode,mcountsPF,readsPF,percent_mcountsPF,passed_threshold,percent_mcountsPF_thresholded
NH001,q26,CGGGTGC,66705,82322,98.9453542186,True,100.0
NH001,q26,CGGGTAC,214,214,0.317432063605,False,0.0
NH001,q26,CGGATGC,209,209,0.310015426605,False,0.0
NH001,q26,CGAGTGC,69,69,0.102349590602,False,0.0
NH001,q26,CGGGCGC,60,60,0.0889996440014,False,0.0
NH001,q26,TGGGTGC,41,41,0.060816423401,False,0.0
NH001,q26,CGGGTGT,30,30,0.0444998220007,False,0.0
NH001,q26,CAGGTGC,13,13,0.0192832562003,False,0.0
NH001,q24,CGGGTGC,9,9,0.0133499466002,False,0.0
NH001,q26,CGGGTTC,7,7,0.0103832918002,False,0.0
NH001,q26,CGGGTCC,5,5,0.00741663700012,False,0.0
NH001,q26,AGGGTGC,4,4,0.00593330960009,False,0.0
NH001,q26,CGGGAGC,4,4,0.00593330960009,False,0.0
NH001,q26,CGGGTGA,4,4,0.00593330960009,False,0.0
NH001,q26,CTGGTGC,4,4,0.00593330960009,False,0.0
NH001,q26,CGTGTGC,3,3,0.00444998220007,False,0.0
NH001,q26,CGGGGGC,3,3,0.00444998220007,False,0.0
NH001,q26,ATGACGG,3,3,0.00444998220007,False,0.0
NH001,q19,CGGGTGC,2,2,0.00296665480005,False,0.0
NH001,q26,CGGATAC,2,2,0.00296665480005,False,0.0
NH001,q26,CGGCTGC,1,1,0.00148332740002,False,0.0
NH001,q27,TAGGGGG,1,1,0.00148332740002,False,0.0
NH001,q27,GGATTCG,1,1,0.00148332740002,False,0.0
NH001,q27,GGACCGG,1,1,0.00148332740002,False,0.0
NH001,q27,GATTGGG,1,1,0.00148332740002,False,0.0
NH001,q27,CGGGTGC,1,1,0.00148332740002,False,0.0
NH001,q26,TTTTAAT,1,1,0.00148332740002,False,0.0
NH001,q26,TAGCCAG,1,1,0.00148332740002,False,0.0
NH001,q26,GGGGTGC,1,1,0.00148332740002,False,0.0
NH001,q26,CTAGCTC,1,1,0.00148332740002,False,0.0
NH001,q26,CGGTTGC,1,1,0.00148332740002,False,0.0
NH001,q26,CGGGTGG,1,1,0.00148332740002,False,0.0
NH001,q19,TTTCTCT,1,1,0.00148332740002,False,0.0
NH001,q26,CGCGTGC,1,1,0.00148332740002,False,0.0
NH001,q26,CGAGTAC,1,1,0.00148332740002,False,0.0
NH001,q26,CGAATGC,1,1,0.00148332740002,False,0.0
NH001,q26,CCTGTCA,1,1,0.00148332740002,False,0.0
NH001,q26,CCGGTGC,1,1,0.00148332740002,False,0.0
NH001,q26,CATCTTC,1,1,0.00148332740002,False,0.0
NH001,q26,CAGAATC,1,1,0.00148332740002,False,0.0
NH001,q25,GGGTCGT,1,1,0.00148332740002,False,0.0
NH001,q25,ACTTGTG,1,1,0.00148332740002,False,0.0
NH001,q19,GATGTAC,1,1,0.00148332740002,False,0.0
NH001,q19,GAGACTC,1,1,0.00148332740002,False,0.0
NH001,q27,TCCGGTG,1,1,0.00148332740002,False,0.0
NH025,q26,GGATGGC,8008,8210,9.13571233002,True,9.18538230369
NH025,q26,CGGTACA,6049,6141,6.90083964589,True,6.93835883554
NH025,q26,TGGCAGG,5744,5848,6.55288856439,True,6.58851597807
NH025,q26,TAGATTC,5735,5831,6.54262115543,True,6.57819274621
NH025,q26,CGGGTGC,5706,5799,6.5095372821,True,6.54492899911
NH025,q26,CTTGGTA,5152,5249,5.87752121931,True,5.90947672685
NH025,q26,AGCTGCC,4888,4956,5.57634388975,True,5.60666192563
NH025,q26,CTGAATC,4496,4564,5.12914118828,True,5.15702782684
NH025,q26,GGCTGGG,4043,4092,4.61234827051,True,4.63742515657
NH025,q26,TGAGATG,3692,3726,4.21191932098,True,4.23481911404
NH025,q26,GCTGTCA,3640,3685,4.15259651364,True,4.1751737744
NH025,q26,GGTGTTA,3548,3585,4.04764077759,True,4.06964740428
NH025,q26,CATCTTC,2977,3004,3.39623072009,True,3.41469569407
NH025,q26,GGGTCGG,2829,2854,3.22738888382,True,3.24493588126
NH025,q26,TTTTAAT,2747,2772,3.13384137994,True,3.15087976876
NH025,q26,TGCGTCG,2548,2566,2.90681755955,True,2.92262164208
NH025,q26,ATGACGG,2389,2405,2.72542666788,True,2.74024454589
NH025,q26,TGCAAGA,2331,2351,2.65925892124,True,2.67371705168
NH025,q26,CGCCGGG,2221,2232,2.53376836725,True,2.54754421784
NH025,q26,TCGACGT,2176,2188,2.48243132244,True,2.49592805854
NH025,q26,CGGGGTG,1753,1767,1.99986310121,True,2.01073616113
NH025,q26,TGAATGC,1417,1421,1.61654649995,True,1.62533550504
NH025,q26,CCTTTTA,1400,1405,1.59715250525,True,1.60583606708
NH025,q26,AAACGTG,1010,1014,1.15223145021,True,1.15849601982
NH025,q26,CGTGTGT,683,683,0.779182257917,True,0.783418595582
NH025,q26,GGATGAC,30,30,0.034224696541,False,0.0
NH025,q26,CGGGTAC,21,21,0.0239572875787,False,0.0
NH025,q26,AGCTACC,19,19,0.0216756411426,False,0.0
NH025,q26,TGGCAGT,12,12,0.0136898786164,False,0.0
NH025,q26,CTAAATC,12,12,0.0136898786164,False,0.0
NH025,q26,CGATACA,11,11,0.0125490553984,False,0.0
NH025,q26,AGCTGTC,10,10,0.0114082321803,False,0.0
NH025,q26,TGTGTCG,9,9,0.0102674089623,False,0.0
NH025,q26,CGGATGC,8,8,0.00912658574427,False,0.0
NH025,q26,AAACATG,7,7,0.00798576252624,False,0.0
NH025,q26,CTTGATA,7,7,0.00798576252624,False,0.0
NH025,q26,TGCATCG,7,7,0.00798576252624,False,0.0
NH025,q26,GCTATCA,6,6,0.0068449393082,False,0.0
NH025,q26,TAGATCC,6,6,0.0068449393082,False,0.0
NH025,q26,TGACAGG,6,6,0.0068449393082,False,0.0
NH025,q26,CTTGGCA,6,6,0.0068449393082,False,0.0
NH025,q26,CGGGATG,6,6,0.0068449393082,False,0.0
NH025,q26,AGCCGCC,5,5,0.00570411609017,False,0.0
NH025,q26,AGTTGCC,5,5,0.00570411609017,False,0.0
NH025,q26,CGCCAGG,5,5,0.00570411609017,False,0.0
NH025,q26,CTTAGTA,5,5,0.00570411609017,False,0.0
NH025,q26,GGTGTCA,5,5,0.00570411609017,False,0.0
NH025,q26,TGAGATA,5,5,0.00570411609017,False,0.0
NH025,q26,GGCTGAG,4,4,0.00456329287214,False,0.0
NH025,q26,TGGCATG,4,4,0.00456329287214,False,0.0
NH025,q26,GGTGCTA,4,4,0.00456329287214,False,0.0
NH025,q26,GGGTTGG,4,4,0.00456329287214,False,0.0
NH025,q26,GGGTCGA,4,4,0.00456329287214,False,0.0
NH025,q26,GGCTAGG,4,4,0.00456329287214,False,0.0
NH025,q26,GGCCGGG,4,4,0.00456329287214,False,0.0
NH025,q26,CGTATGT,4,4,0.00456329287214,False,0.0
NH025,q26,CGGTGCA,4,4,0.00456329287214,False,0.0
NH025,q26,CGGGCGC,4,4,0.00456329287214,False,0.0
NH025,q26,GGATGCC,3,3,0.0034224696541,False,0.0
NH025,q26,TGCGTCT,3,3,0.0034224696541,False,0.0
NH025,q26,TGCGTCA,3,3,0.0034224696541,False,0.0
NH025,q26,TGAACGC,3,3,0.0034224696541,False,0.0
NH025,q26,TCAACGT,3,3,0.0034224696541,False,0.0
NH025,q26,GGTATTA,3,3,0.0034224696541,False,0.0
NH025,q26,GGCTGGT,3,3,0.0034224696541,False,0.0
NH025,q26,CGGCACA,3,3,0.0034224696541,False,0.0
NH025,q26,GGATAGC,3,3,0.0034224696541,False,0.0
NH025,q26,GATGTCA,3,3,0.0034224696541,False,0.0
NH025,q26,CGGAGTG,3,3,0.0034224696541,False,0.0
NH025,q26,CGAGTGC,3,3,0.0034224696541,False,0.0
NH025,q26,ATGACAG,3,3,0.0034224696541,False,0.0
NH025,q26,GCTGTTA,3,3,0.0034224696541,False,0.0
NH025,q26,TGGCTGG,2,2,0.00228164643607,False,0.0
NH025,q26,TAAATTC,2,2,0.00228164643607,False,0.0
NH025,q26,TGAAATG,2,2,0.00228164643607,False,0.0
NH025,q26,TGGCAAG,2,2,0.00228164643607,False,0.0
NH025,q26,TGGCGGG,2,2,0.00228164643607,False,0.0
NH025,q26,TGGTACA,2,2,0.00228164643607,False,0.0
NH025,q26,TGGGATG,2,2,0.00228164643607,False,0.0
NH025,q26,TGGGTGC,2,2,0.00228164643607,False,0.0
NH025,q26,TTGAATC,2,2,0.00228164643607,False,0.0
NH025,q26,GGGTCAG,2,2,0.00228164643607,False,0.0
NH025,q26,GGTGTTG,2,2,0.00228164643607,False,0.0
NH025,q26,GCTGCCA,2,2,0.00228164643607,False,0.0
NH025,q26,GGATGGT,2,2,0.00228164643607,False,0.0
NH025,q26,CGGGTGT,2,2,0.00228164643607,False,0.0
NH025,q26,GGATGGA,2,2,0.00228164643607,False,0.0
NH025,q24,GGCTGGG,2,2,0.00228164643607,False,0.0
NH025,q26,AAACGTT,2,2,0.00228164643607,False,0.0
NH025,q26,ATGACGA,2,2,0.00228164643607,False,0.0
NH025,q26,CGGGGTT,2,2,0.00228164643607,False,0.0
NH025,q26,CGTGCGT,2,2,0.00228164643607,False,0.0
NH025,q26,CGTGTGC,2,2,0.00228164643607,False,0.0
NH025,q26,CTGGATC,2,2,0.00228164643607,False,0.0
NH025,q26,GGAAGGC,2,2,0.00228164643607,False,0.0
NH025,q26,TAGATTA,1,1,0.00114082321803,False,0.0
NH025,q26,GTTGTTA,1,1,0.00114082321803,False,0.0
NH025,q26,GGTTCGG,1,1,0.00114082321803,False,0.0
NH025,q26,TAAGATG,1,1,0.00114082321803,False,0.0
NH025,q26,TAGACGT,1,1,0.00114082321803,False,0.0
NH025,q26,TAGAGTC,1,1,0.00114082321803,False,0.0
NH025,q26,TCAGCCG,1,1,0.00114082321803,False,0.0
NH025,q26,TAGATTT,1,1,0.00114082321803,False,0.0
NH025,q26,TAGCAGG,1,1,0.00114082321803,False,0.0
NH025,q26,TAGTTTC,1,1,0.00114082321803,False,0.0
NH025,q26,GGTGTCG,1,1,0.00114082321803,False,0.0
NH025,q26,TCGAAGG,1,1,0.00114082321803,False,0.0
NH025,q26,TCGACGC,1,1,0.00114082321803,False,0.0
NH025,q26,GGTGTTT,1,1,0.00114082321803,False,0.0
NH025,q26,GGCTTGG,1,1,0.00114082321803,False,0.0
NH025,q26,GGTGGTA,1,1,0.00114082321803,False,0.0
NH025,q26,GGATTGC,1,1,0.00114082321803,False,0.0
NH025,q26,GCGGGGT,1,1,0.00114082321803,False,0.0
NH025,q26,GCTCTCA,1,1,0.00114082321803,False,0.0
NH025,q26,GCTGTCG,1,1,0.00114082321803,False,0.0
NH025,q26,GCTGTCT,1,1,0.00114082321803,False,0.0
NH025,q26,GGAAGCG,1,1,0.00114082321803,False,0.0
NH025,q26,GGACGGC,1,1,0.00114082321803,False,0.0
NH025,q26,GGCAGGG,1,1,0.00114082321803,False,0.0
NH025,q26,GGTCTTA,1,1,0.00114082321803,False,0.0
NH025,q26,GGCGTTA,1,1,0.00114082321803,False,0.0
NH025,q26,GGCTGCC,1,1,0.00114082321803,False,0.0
NH025,q26,GGCTGCG,1,1,0.00114082321803,False,0.0
NH025,q26,TCTGTCA,1,1,0.00114082321803,False,0.0
NH025,q26,GGGTCGT,1,1,0.00114082321803,False,0.0
NH025,q26,GGGTCTG,1,1,0.00114082321803,False,0.0
NH025,q26,TCGACTT,1,1,0.00114082321803,False,0.0
NH025,q26,TGAGGTG,1,1,0.00114082321803,False,0.0
NH025,q26,TGAAAGA,1,1,0.00114082321803,False,0.0
NH025,q26,TGTAAGA,1,1,0.00114082321803,False,0.0
NH025,q26,GATCTTC,1,1,0.00114082321803,False,0.0
NH025,q27,TGCAAGA,1,1,0.00114082321803,False,0.0
NH025,q27,TAGCTTG,1,1,0.00114082321803,False,0.0
NH025,q27,GGATGGC,1,1,0.00114082321803,False,0.0
NH025,q27,CTGATCG,1,1,0.00114082321803,False,0.0
NH025,q27,CCTTTTA,1,1,0.00114082321803,False,0.0
NH025,q27,CATGTGG,1,1,0.00114082321803,False,0.0
NH025,q26,TTTTAAA,1,1,0.00114082321803,False,0.0
NH025,q26,TTTGGTA,1,1,0.00114082321803,False,0.0
NH025,q26,TTGACGT,1,1,0.00114082321803,False,0.0
NH025,q26,TTGACGG,1,1,0.00114082321803,False,0.0
NH025,q26,TTAGATG,1,1,0.00114082321803,False,0.0
NH025,q26,TGTATGC,1,1,0.00114082321803,False,0.0
NH025,q26,TGTACTA,1,1,0.00114082321803,False,0.0
NH025,q26,TGGTAGG,1,1,0.00114082321803,False,0.0
NH025,q26,TGAAAGC,1,1,0.00114082321803,False,0.0
NH025,q26,TGGGGTG,1,1,0.00114082321803,False,0.0
NH025,q26,TGGCAGC,1,1,0.00114082321803,False,0.0
NH025,q26,TGGCAGA,1,1,0.00114082321803,False,0.0
NH025,q26,TGCTAGA,1,1,0.00114082321803,False,0.0
NH025,q26,TGCGCCG,1,1,0.00114082321803,False,0.0
NH025,q26,TGCGAGA,1,1,0.00114082321803,False,0.0
NH025,q26,TGCCTTG,1,1,0.00114082321803,False,0.0
NH025,q26,TGCCGGG,1,1,0.00114082321803,False,0.0
NH025,q26,TGCAAAA,1,1,0.00114082321803,False,0.0
NH025,q26,TGATGTT,1,1,0.00114082321803,False,0.0
NH025,q26,TGAGTTG,1,1,0.00114082321803,False,0.0
NH025,q26,TGAGATT,1,1,0.00114082321803,False,0.0
NH025,q26,TGAGACG,1,1,0.00114082321803,False,0.0
NH025,q26,TGAATGT,1,1,0.00114082321803,False,0.0
NH025,q26,GCCTCTG,1,1,0.00114082321803,False,0.0
NH025,q26,AAACGCG,1,1,0.00114082321803,False,0.0
NH025,q26,GACTGGG,1,1,0.00114082321803,False,0.0
NH025,q25,GCTGTCA,1,1,0.00114082321803,False,0.0
NH025,q26,ATGGCGG,1,1,0.00114082321803,False,0.0
NH025,q26,ATGCTCT,1,1,0.00114082321803,False,0.0
NH025,q26,ATGAGGG,1,1,0.00114082321803,False,0.0
NH025,q26,ATGACGT,1,1,0.00114082321803,False,0.0
NH025,q26,AGGGGTG,1,1,0.00114082321803,False,0.0
NH025,q26,AGGACGG,1,1,0.00114082321803,False,0.0
NH025,q26,AGCTGGC,1,1,0.00114082321803,False,0.0
NH025,q26,AGCTGCA,1,1,0.00114082321803,False,0.0
NH025,q26,AGATGGC,1,1,0.00114082321803,False,0.0
NH025,q26,ACGGTCC,1,1,0.00114082321803,False,0.0
NH025,q26,AACCGTG,1,1,0.00114082321803,False,0.0
NH025,q25,TTTTAAT,1,1,0.00114082321803,False,0.0
NH025,q25,TGTGGGG,1,1,0.00114082321803,False,0.0
NH025,q25,TCGTTTC,1,1,0.00114082321803,False,0.0
NH025,q25,GATGGCA,1,1,0.00114082321803,False,0.0
NH025,q26,CTTTGTA,1,1,0.00114082321803,False,0.0
NH025,q25,GAGTTGT,1,1,0.00114082321803,False,0.0
NH025,q25,CGGTACA,1,1,0.00114082321803,False,0.0
NH025,q25,CCGAATC,1,1,0.00114082321803,False,0.0
NH025,q25,AGACCGG,1,1,0.00114082321803,False,0.0
NH025,q24,TGGCAGG,1,1,0.00114082321803,False,0.0
NH025,q24,TGCGTCG,1,1,0.00114082321803,False,0.0
NH025,q24,TGAGATG,1,1,0.00114082321803,False,0.0
NH025,q24,TCGACGT,1,1,0.00114082321803,False,0.0
NH025,q24,TAGATTC,1,1,0.00114082321803,False,0.0
NH025,q24,GAATCTA,1,1,0.00114082321803,False,0.0
NH025,q24,CGGGTGC,1,1,0.00114082321803,False,0.0
NH025,q24,AAACGTG,1,1,0.00114082321803,False,0.0
NH025,q19,GCTTGGC,1,1,0.00114082321803,False,0.0
NH025,q19,GAGGGAG,1,1,0.00114082321803,False,0.0
NH025,q26,CACAACT,1,1,0.00114082321803,False,0.0
NH025,q26,CATCTCC,1,1,0.00114082321803,False,0.0
NH025,q26,CATCTTA,1,1,0.00114082321803,False,0.0
NH025,q26,CATTTTC,1,1,0.00114082321803,False,0.0
NH025,q26,CTTTCGT,1,1,0.00114082321803,False,0.0
NH025,q26,CTTTAAT,1,1,0.00114082321803,False,0.0
NH025,q26,CTTGGTT,1,1,0.00114082321803,False,0.0
NH025,q26,CTTGGTG,1,1,0.00114082321803,False,0.0
NH025,q26,CTGGTGC,1,1,0.00114082321803,False,0.0
NH025,q26,CTGCGGC,1,1,0.00114082321803,False,0.0
NH025,q26,CTGAATA,1,1,0.00114082321803,False,0.0
NH025,q26,CTAATTT,1,1,0.00114082321803,False,0.0
NH025,q26,CGTGTAT,1,1,0.00114082321803,False,0.0
NH025,q26,CGTGGGT,1,1,0.00114082321803,False,0.0
NH025,q26,CGGTTCA,1,1,0.00114082321803,False,0.0
NH025,q26,CGGTCCA,1,1,0.00114082321803,False,0.0
NH025,q26,CGGTCAT,1,1,0.00114082321803,False,0.0
NH025,q26,CGGTATA,1,1,0.00114082321803,False,0.0
NH025,q26,CGGTACG,1,1,0.00114082321803,False,0.0
NH025,q26,CGGTAAA,1,1,0.00114082321803,False,0.0
NH025,q26,CGGGTTG,1,1,0.00114082321803,False,0.0
NH025,q26,CGGGTGA,1,1,0.00114082321803,False,0.0
NH025,q26,CGGGCTG,1,1,0.00114082321803,False,0.0
NH025,q26,CGGGACA,1,1,0.00114082321803,False,0.0
NH025,q26,CGGAACA,1,1,0.00114082321803,False,0.0
NH025,q26,CGCTGCC,1,1,0.00114082321803,False,0.0
NH025,q26,CGCCTGG,1,1,0.00114082321803,False,0.0
NH025,q26,CGCCGAG,1,1,0.00114082321803,False,0.0
NH025,q26,CGAGGTG,1,1,0.00114082321803,False,0.0
NH025,q26,CGACGGG,1,1,0.00114082321803,False,0.0
NH025,q26,CCTGGTA,1,1,0.00114082321803,False,0.0
NH025,q26,CCTGCCT,1,1,0.00114082321803,False,0.0
NH025,q26,CCGAATC,1,1,0.00114082321803,False,0.0
NH025,q27,TTTTTGT,1,1,0.00114082321803,False,0.0
NH120,q26,TAGGGCG,2512,2537,2.46240712059,True,2.61975033112
NH120,q26,GCTGTCA,1835,1844,1.79877271747,True,1.91371093057
NH120,q26,GCTCGCT,1800,1807,1.76446370106,True,1.87720963217
NH120,q26,GGTGTTA,1538,1547,1.5076362068,True,1.60397134127
NH120,q26,TGTGCGG,1518,1521,1.48803105456,True,1.58311345646
NH120,q26,CATCTTC,1512,1520,1.48214950889,True,1.57685609102
NH120,q26,CGGTGTT,1429,1436,1.40078812712,True,1.4902958691
NH120,q26,GTAGGTC,1394,1405,1.36647911071,True,1.45379457069
NH120,q26,CGTTACG,1370,1376,1.34295292803,True,1.42876510893
NH120,q26,CTTGGTA,1368,1380,1.34099241281,True,1.42667932045
NH120,q26,CGGGTGC,1364,1371,1.33707138236,True,1.42250774349
NH120,q26,CACATTC,1362,1366,1.33511086714,True,1.42042195501
NH120,q26,CGTTGTA,1352,1359,1.32530829102,True,1.40999301261
NH120,q26,TGAGATG,1319,1326,1.29295978983,True,1.37557750269
NH120,q26,ATGACGG,1303,1305,1.27727566805,True,1.35889119484
NH120,q26,CAGCGCG,1284,1291,1.25865077342,True,1.33907620428
NH120,q26,CTGAATC,1269,1272,1.24394690925,True,1.32343279068
NH120,q26,GGAAGCG,1255,1260,1.23022330268,True,1.30883227132
NH120,q26,TTGGTTC,1252,1256,1.22728252985,True,1.3057035886
NH120,q26,TCAGCAT,1205,1210,1.1812104221,True,1.25668755931
NH120,q26,AGCTGCC,1203,1209,1.17924990688,True,1.25460177083
NH120,q26,TATCATT,1202,1208,1.17826964926,True,1.25355887659
NH120,q26,CGGTCAT,1181,1190,1.15768423942,True,1.23165809755
NH120,q26,TAGTAAT,1144,1146,1.12141470779,True,1.19307101067
NH120,q26,CGCCGGG,1143,1147,1.12043445017,True,1.19202811643
NH120,q26,TTATGTG,1138,1144,1.11553316212,True,1.18681364523
NH120,q26,CTACATC,1134,1137,1.11161213167,True,1.18264206827
NH120,q26,TGCTAGA,1111,1119,1.0890662066,True,1.15865550075
NH120,q26,CTATTGG,1109,1115,1.08710569138,True,1.15656971227
NH120,q26,TGTTGTG,1109,1110,1.08710569138,True,1.15656971227
NH120,q26,TTCTTTT,1094,1094,1.0724018272,True,1.14092629866
NH120,q26,CTTGTTT,1092,1093,1.07044131198,True,1.13884051018
NH120,q26,CACTCCG,1080,1082,1.05867822064,True,1.1263257793
NH120,q26,CAGCTAC,1079,1084,1.05769796302,True,1.12528288506
NH120,q26,TGGAAGT,1079,1081,1.05769796302,True,1.12528288506
NH120,q26,TAGATAC,1026,1032,1.0057443096,True,1.07000949034
NH120,q26,TTGGGTG,1023,1026,1.00280353677,True,1.06688080762
NH120,q26,GGGTCGG,1019,1024,0.998882506323,True,1.06270923066
NH120,q26,TAACTAC,1007,1010,0.987119414982,True,1.05019449978
NH120,q26,GAACGCT,995,1000,0.975356323642,True,1.03767976889
NH120,q26,TGCTTCG,987,988,0.967514262748,True,1.02933661497
NH120,q26,TCGTATT,981,983,0.961632717078,True,1.02307924953
NH120,q26,AGGCTAA,971,972,0.951830140961,True,1.01265030713
NH120,q26,TCCGCTC,968,971,0.948889368126,True,1.00952162441
NH120,q26,TCATTCC,937,943,0.918501382163,True,0.977191902969
NH120,q26,TCGACGT,932,933,0.913600094105,True,0.971977431769
NH120,q26,TTTTAAT,927,931,0.908698806046,True,0.966762960568
NH120,q26,CTGGCGC,922,923,0.903797517988,True,0.961548489368
NH120,q26,GCCGTGA,920,921,0.901837002764,True,0.959462700888
NH120,q26,GCTAACT,918,918,0.899876487541,True,0.957376912407
NH120,q26,GGCTGGG,898,899,0.880271335307,True,0.936519027605
NH120,q26,TGATGTT,893,897,0.875370047248,True,0.931304556405
NH120,q26,TCGATTA,887,890,0.869488501578,True,0.925047190964
NH120,q26,CGGCGAC,875,877,0.857725410238,True,0.912532460083
NH120,q26,CTGCGGC,866,868,0.848903091733,True,0.903146411922
NH120,q26,GCGCATA,851,853,0.834199227557,True,0.887502998321
NH120,q26,CGGGGTG,846,846,0.829297939499,True,0.88228852712
NH120,q26,CTTTCGT,845,849,0.828317681887,True,0.88124563288
NH120,q26,CGTTTTT,814,816,0.797929695924,True,0.848915911437
NH120,q26,GTCTGGC,811,814,0.794988923089,True,0.845787228717
NH120,q26,GGATGGC,806,808,0.79008763503,True,0.840572757517
NH120,q26,TTAGCTG,804,806,0.788127119807,True,0.838486969036
NH120,q26,TGCAAGA,797,799,0.781265316525,False,0.0
NH120,q26,CGCGGCC,792,793,0.776364028467,True,0.825972238155
NH120,q26,TTCGCAT,785,788,0.769502225185,True,0.818671978475
NH120,q26,CCTTTTA,779,782,0.763620679515,True,0.812414613034
NH120,q26,TGGGCGC,772,774,0.756758876233,True,0.805114353353
NH120,q26,AGCAGGT,745,745,0.730291920717,True,0.776956208871
NH120,q26,TCAGCCG,745,745,0.730291920717,True,0.776956208871
NH120,q26,GCCTCTG,744,746,0.729311663105,True,0.775913314631
NH120,q26,GCGGCGT,738,740,0.723430117435,True,0.76965594919
NH120,q26,TAGATTC,729,731,0.71460779893,False,0.0
NH120,q26,GTTCGTG,726,731,0.711667026094,True,0.757141218309
NH120,q26,ATAATTC,711,718,0.696963161919,True,0.741497804708
NH120,q26,CGGTACA,703,705,0.689121101025,True,0.733154650787
NH120,q26,GGGAGTC,681,683,0.667555433568,True,0.710210977505
NH120,q26,TTATTGA,677,678,0.663634403121,True,0.706039400544
NH120,q26,CTTCTTG,673,674,0.659713372674,True,0.701867823584
NH120,q26,ACAGGCT,654,656,0.641088478052,True,0.682052833022
NH120,q26,CTCTTCG,635,635,0.62246358343,True,0.66223784246
NH120,q26,GCGGGGT,632,634,0.619522810595,False,0.0
NH120,q26,TGGCAGG,632,633,0.619522810595,True,0.65910915974
NH120,q26,TGCGTCG,627,628,0.614621522536,False,0.0
NH120,q26,CTTTGTC,604,605,0.592075597467,True,0.629908121017
NH120,q26,ATGCTCT,583,584,0.571490187621,True,0.608007341975
NH120,q26,TGGCTTA,580,581,0.568549414786,True,0.604878659255
NH120,q26,CGTTGGT,577,577,0.565608641951,True,0.601749976535
NH120,q26,GCGTGCC,548,550,0.537181171212,True,0.571506043572
NH120,q26,GGGCGTA,533,534,0.522477307036,True,0.555862629971
NH120,q26,AGTCCGC,526,528,0.515615503754,True,0.54856237029
NH120,q26,TGGCCGA,517,517,0.506793185249,True,0.539176322129
NH120,q26,TATCGAC,514,514,0.503852412414,True,0.536047639409
NH120,q26,AAACGTG,505,506,0.495030093909,True,0.526661591248
NH120,q26,CATGGGT,505,506,0.495030093909,True,0.526661591248
NH120,q26,GATCCAT,499,500,0.489148548238,True,0.520404225807
NH120,q26,CGGTATG,494,496,0.48424726018,True,0.515189754607
NH120,q26,GGTTTGG,492,492,0.482286744957,True,0.513103966127
NH120,q26,ACGGTCC,469,470,0.459740819887,True,0.489117398605
NH120,q26,GGCTCGG,467,467,0.457780304664,False,0.0
NH120,q26,ATGAGGG,457,458,0.447977728547,False,0.0
NH120,q26,CTCTTCT,446,446,0.437194894818,False,0.0
NH120,q26,TGAATGC,434,434,0.425431803478,True,0.452616100201
NH120,q26,TGCTCGT,417,418,0.408767424079,True,0.43488689812
NH120,q26,CGTGGGG,414,416,0.405826651244,True,0.431758215399
NH120,q26,TGCCTTG,410,411,0.401905620797,True,0.427586638439
NH120,q26,GCGGGCG,408,410,0.399945105574,True,0.425500849959
NH120,q26,AGCAGGA,403,403,0.395043817515,False,0.0
NH120,q26,CACAACT,397,398,0.389162271845,True,0.414029013318
NH120,q26,ATCATTG,387,387,0.379359695728,True,0.403600070917
NH120,q26,CTAATTT,380,380,0.372497892446,True,0.396299811236
NH120,q26,CTGTATC,347,348,0.34014939126,False,0.0
NH120,q26,GCGGTCG,339,340,0.332307330366,False,0.0
NH120,q26,TAGGGGG,283,284,0.277412904111,False,0.0
NH120,q26,GCGCGTT,274,275,0.268590585606,True,0.285753021786
NH120,q26,GTAGAGA,262,262,0.256827494265,True,0.273238290905
NH120,q26,CTGTTGT,238,239,0.233301311585,True,0.248208829143
NH120,q26,AGTGCCG,216,216,0.211735644127,True,0.225265155861
NH120,q26,TGCGTAA,200,200,0.19605152234,True,0.208578848019
NH120,q26,GTGCGCC,181,181,0.177426627718,True,0.188763857457
NH120,q26,CGTGTGT,150,150,0.147038641755,True,0.156434136014
NH120,q26,CGAGCCC,113,113,0.110769110122,True,0.117847049131
NH120,q26,ACAGGCG,103,104,0.100966534005,False,0.0
NH120,q26,TTCGCCC,78,78,0.0764600937126,False,0.0
NH120,q26,TAGGACG,8,8,0.0078420608936,False,0.0
NH120,q26,TCAACAT,7,7,0.0068618032819,False,0.0
NH120,q26,TAGGGCA,5,5,0.0049012880585,False,0.0
NH120,q26,TTCACAT,4,4,0.0039210304468,False,0.0
NH120,q26,GCGGCAT,4,4,0.0039210304468,False,0.0
NH120,q26,GTCTGAC,4,4,0.0039210304468,False,0.0
NH120,q26,GCTATCA,4,4,0.0039210304468,False,0.0
NH120,q26,CGGGATG,4,4,0.0039210304468,False,0.0
NH120,q26,GCCATGA,4,4,0.0039210304468,False,0.0
NH120,q26,CAGCACG,4,4,0.0039210304468,False,0.0
NH120,q26,CTTCTCG,4,4,0.0039210304468,False,0.0
NH120,q26,CTGCAGC,3,3,0.0029407728351,False,0.0
NH120,q26,TTATCGA,3,3,0.0029407728351,False,0.0
NH120,q26,TGAAATG,3,3,0.0029407728351,False,0.0
NH120,q26,GGCTGGT,3,3,0.0029407728351,False,0.0
NH120,q26,GCACATA,3,3,0.0029407728351,False,0.0
NH120,q26,TGAGATA,3,3,0.0029407728351,False,0.0
NH120,q26,CTAAATC,3,3,0.0029407728351,False,0.0
NH120,q26,CGGCCAT,3,3,0.0029407728351,False,0.0
NH120,q26,CGCGGTC,3,3,0.0029407728351,False,0.0
NH120,q26,CGCGACC,3,3,0.0029407728351,False,0.0
NH120,q26,ATGACGT,3,3,0.0029407728351,False,0.0
NH120,q26,TCGATCA,2,2,0.0019605152234,False,0.0
NH120,q26,GGGTTGG,2,2,0.0019605152234,False,0.0
NH120,q26,GGTATTA,2,2,0.0019605152234,False,0.0
NH120,q26,TAAGATG,2,2,0.0019605152234,False,0.0
NH120,q26,TAATAAT,2,2,0.0019605152234,False,0.0
NH120,q26,TAGATCC,2,2,0.0019605152234,False,0.0
NH120,q26,TCAACGT,2,2,0.0019605152234,False,0.0
NH120,q26,TCAATTA,2,2,0.0019605152234,False,0.0
NH120,q26,TCATTTC,2,2,0.0019605152234,False,0.0
NH120,q26,TCCACTC,2,2,0.0019605152234,False,0.0
NH120,q26,TCGACAT,2,2,0.0019605152234,False,0.0
NH120,q26,TTAGCAT,2,2,0.0019605152234,False,0.0
NH120,q26,TGACTTA,2,2,0.0019605152234,False,0.0
NH120,q26,TGCTTTG,2,2,0.0019605152234,False,0.0
NH120,q26,TGTCGTG,2,2,0.0019605152234,False,0.0
NH120,q26,TGTCTTG,2,2,0.0019605152234,False,0.0
NH120,q26,TGTGCGA,2,2,0.0019605152234,False,0.0
NH120,q26,TGTTATG,2,2,0.0019605152234,False,0.0
NH120,q26,TTAGCCG,2,2,0.0019605152234,False,0.0
NH120,q26,TTGGATG,2,2,0.0019605152234,False,0.0
NH120,q26,TTGGCGA,2,2,0.0019605152234,False,0.0
NH120,q26,TTGTATT,2,2,0.0019605152234,False,0.0
NH120,q26,GGAAGTC,2,2,0.0019605152234,False,0.0
NH120,q26,GGATCGG,2,2,0.0019605152234,False,0.0
NH120,q26,CGGGTAC,2,2,0.0019605152234,False,0.0
NH120,q26,GGAAGCA,2,2,0.0019605152234,False,0.0
NH120,q26,CGTATGT,2,2,0.0019605152234,False,0.0
NH120,q26,GCTGTTA,2,2,0.0019605152234,False,0.0
NH120,q26,ACAGACT,2,2,0.0019605152234,False,0.0
NH120,q26,ACGGCCC,2,2,0.0019605152234,False,0.0
NH120,q26,AGCTGTC,2,2,0.0019605152234,False,0.0
NH120,q26,AGGCAAA,2,2,0.0019605152234,False,0.0
NH120,q26,ATGATGG,2,2,0.0019605152234,False,0.0
NH120,q26,CACTCTG,2,2,0.0019605152234,False,0.0
NH120,q26,CAGCGCA,2,2,0.0019605152234,False,0.0
NH120,q26,CAGCGCT,2,2,0.0019605152234,False,0.0
NH120,q26,CGGCACA,2,2,0.0019605152234,False,0.0
NH120,q26,ATGGCGG,2,2,0.0019605152234,False,0.0
NH120,q26,CGTTGGA,2,2,0.0019605152234,False,0.0
NH120,q26,CTATCGG,2,2,0.0019605152234,False,0.0
NH120,q26,CTGGTGC,2,2,0.0019605152234,False,0.0
NH120,q26,CTTGATA,2,2,0.0019605152234,False,0.0
NH120,q26,CTTGTTC,2,2,0.0019605152234,False,0.0
NH120,q26,GCGACGT,2,2,0.0019605152234,False,0.0
NH120,q26,GCGGTCA,2,2,0.0019605152234,False,0.0
NH120,q26,CGTCGTA,2,2,0.0019605152234,False,0.0
NH120,q26,GCTCACT,2,2,0.0019605152234,False,0.0
NH120,q26,GCTGCCA,2,2,0.0019605152234,False,0.0
NH120,q26,GTGAGGG,1,1,0.0009802576117,False,0.0
NH120,q26,GTTCGCG,1,1,0.0009802576117,False,0.0
NH120,q26,TAACAAC,1,1,0.0009802576117,False,0.0
NH120,q26,GTTGTTT,1,1,0.0009802576117,False,0.0
NH120,q26,GTTCGTT,1,1,0.0009802576117,False,0.0
NH120,q26,GTTCGTA,1,1,0.0009802576117,False,0.0
NH120,q26,GTGCATA,1,1,0.0009802576117,False,0.0
NH120,q26,GTTCATG,1,1,0.0009802576117,False,0.0
NH120,q26,GTGGGCG,1,1,0.0009802576117,False,0.0
NH120,q26,GTGGAGA,1,1,0.0009802576117,False,0.0
NH120,q26,GTGCACC,1,1,0.0009802576117,False,0.0
NH120,q26,TACCATT,1,1,0.0009802576117,False,0.0
NH120,q26,TAACCAC,1,1,0.0009802576117,False,0.0
NH120,q26,TCAGCCA,1,1,0.0009802576117,False,0.0
NH120,q26,TACGCTC,1,1,0.0009802576117,False,0.0
NH120,q26,TAGACGT,1,1,0.0009802576117,False,0.0
NH120,q26,TAGAGCG,1,1,0.0009802576117,False,0.0
NH120,q26,TAGCAAT,1,1,0.0009802576117,False,0.0
NH120,q26,TAGGAAT,1,1,0.0009802576117,False,0.0
NH120,q26,TAGGGAG,1,1,0.0009802576117,False,0.0
NH120,q26,TAGGTGG,1,1,0.0009802576117,False,0.0
NH120,q26,TCAACCG,1,1,0.0009802576117,False,0.0
NH120,q26,TCACCAT,1,1,0.0009802576117,False,0.0
NH120,q26,GTCTAGC,1,1,0.0009802576117,False,0.0
NH120,q26,TCAGCCC,1,1,0.0009802576117,False,0.0
NH120,q26,TCATCCC,1,1,0.0009802576117,False,0.0
NH120,q26,TCATTGA,1,1,0.0009802576117,False,0.0
NH120,q26,GTCTCTG,1,1,0.0009802576117,False,0.0
NH120,q26,GGTTTGT,1,1,0.0009802576117,False,0.0
NH120,q26,GTCGTGA,1,1,0.0009802576117,False,0.0
NH120,q26,GGGCATA,1,1,0.0009802576117,False,0.0
NH120,q26,GCTCGCG,1,1,0.0009802576117,False,0.0
NH120,q26,GCTCTCA,1,1,0.0009802576117,False,0.0
NH120,q26,GCTCTCT,1,1,0.0009802576117,False,0.0
NH120,q26,GCTGACA,1,1,0.0009802576117,False,0.0
NH120,q26,GCTTGCC,1,1,0.0009802576117,False,0.0
NH120,q26,GGAAGCT,1,1,0.0009802576117,False,0.0
NH120,q26,GGACGTA,1,1,0.0009802576117,False,0.0
NH120,q26,GGCAGTC,1,1,0.0009802576117,False,0.0
NH120,q26,GGCCGGG,1,1,0.0009802576117,False,0.0
NH120,q26,GGCTAGG,1,1,0.0009802576117,False,0.0
NH120,q26,GGCTCGT,1,1,0.0009802576117,False,0.0
NH120,q26,GGGAGCC,1,1,0.0009802576117,False,0.0
NH120,q26,GGGTCTG,1,1,0.0009802576117,False,0.0
NH120,q26,GTCCGTG,1,1,0.0009802576117,False,0.0
NH120,q26,GGTATGG,1,1,0.0009802576117,False,0.0
NH120,q26,GGTGTCA,1,1,0.0009802576117,False,0.0
NH120,q26,GGTTCGG,1,1,0.0009802576117,False,0.0
NH120,q26,GGTTTGA,1,1,0.0009802576117,False,0.0
NH120,q26,TCCGCTA,1,1,0.0009802576117,False,0.0
NH120,q26,GTAAAGA,1,1,0.0009802576117,False,0.0
NH120,q26,GTAAGTC,1,1,0.0009802576117,False,0.0
NH120,q26,GTAGGAC,1,1,0.0009802576117,False,0.0
NH120,q26,GTAGGTT,1,1,0.0009802576117,False,0.0
NH120,q26,GTAGTGA,1,1,0.0009802576117,False,0.0
NH120,q26,GTCCCCG,1,1,0.0009802576117,False,0.0
NH120,q26,GTCCGGC,1,1,0.0009802576117,False,0.0
NH120,q26,TCCGCAC,1,1,0.0009802576117,False,0.0
NH120,q26,TGCATTG,1,1,0.0009802576117,False,0.0
NH120,q26,TCCGCTT,1,1,0.0009802576117,False,0.0
NH120,q26,TTCTCTT,1,1,0.0009802576117,False,0.0
NH120,q26,TGTGAGG,1,1,0.0009802576117,False,0.0
NH120,q26,TGTGCAG,1,1,0.0009802576117,False,0.0
NH120,q26,TGTTGTA,1,1,0.0009802576117,False,0.0
NH120,q26,TGTTGTT,1,1,0.0009802576117,False,0.0
NH120,q26,TGTTTCG,1,1,0.0009802576117,False,0.0
NH120,q26,TTAATTG,1,1,0.0009802576117,False,0.0
NH120,q26,TTAGCTT,1,1,0.0009802576117,False,0.0
NH120,q26,TTATGTT,1,1,0.0009802576117,False,0.0
NH120,q26,TTATTAA,1,1,0.0009802576117,False,0.0
NH120,q26,TTATTCC,1,1,0.0009802576117,False,0.0
NH120,q26,TTCGCCA,1,1,0.0009802576117,False,0.0
NH120,q26,TTCGTTT,1,1,0.0009802576117,False,0.0
NH120,q26,TTCTTTA,1,1,0.0009802576117,False,0.0
NH120,q26,TGTACGG,1,1,0.0009802576117,False,0.0
NH120,q26,TTCTTTC,1,1,0.0009802576117,False,0.0
NH120,q26,TTGATTA,1,1,0.0009802576117,False,0.0
NH120,q26,TTGATTC,1,1,0.0009802576117,False,0.0
NH120,q26,TTGGATC,1,1,0.0009802576117,False,0.0
NH120,q26,TTGGGCG,1,1,0.0009802576117,False,0.0
NH120,q26,TTGGTCC,1,1,0.0009802576117,False,0.0
NH120,q26,TTGTGTG,1,1,0.0009802576117,False,0.0
NH120,q26,TTGTTTC,1,1,0.0009802576117,False,0.0
NH120,q27,AGCTGCC,1,1,0.0009802576117,False,0.0
NH120,q27,CTGTTGT,1,1,0.0009802576117,False,0.0
NH120,q27,TGAGATG,1,1,0.0009802576117,False,0.0
NH120,q26,GCGTACC,1,1,0.0009802576117,False,0.0
NH120,q26,TGTAGTG,1,1,0.0009802576117,False,0.0
NH120,q26,TGGTCGA,1,1,0.0009802576117,False,0.0
NH120,q26,TCCGTCG,1,1,0.0009802576117,False,0.0
NH120,q26,TGCGCCG,1,1,0.0009802576117,False,0.0
NH120,q26,TCGCGTT,1,1,0.0009802576117,False,0.0
NH120,q26,TCGGCGT,1,1,0.0009802576117,False,0.0
NH120,q26,TCGTGTT,1,1,0.0009802576117,False,0.0
NH120,q26,TCTACGT,1,1,0.0009802576117,False,0.0
NH120,q26,TGAAAGT,1,1,0.0009802576117,False,0.0
NH120,q26,TGAACGC,1,1,0.0009802576117,False,0.0
NH120,q26,TGAGACG,1,1,0.0009802576117,False,0.0
NH120,q26,TGATGTC,1,1,0.0009802576117,False,0.0
NH120,q26,TGCATAA,1,1,0.0009802576117,False,0.0
NH120,q26,TGCCAGA,1,1,0.0009802576117,False,0.0
NH120,q26,TGCCGTG,1,1,0.0009802576117,False,0.0
NH120,q26,TGCGCAA,1,1,0.0009802576117,False,0.0
NH120,q26,TGCGTCA,1,1,0.0009802576117,False,0.0
NH120,q26,TGGTCAT,1,1,0.0009802576117,False,0.0
NH120,q26,TGCTAAA,1,1,0.0009802576117,False,0.0
NH120,q26,TGCTCAT,1,1,0.0009802576117,False,0.0
NH120,q26,TGCTGGT,1,1,0.0009802576117,False,0.0
NH120,q26,TGCTTCA,1,1,0.0009802576117,False,0.0
NH120,q26,TGCTTCT,1,1,0.0009802576117,False,0.0
NH120,q26,TGGAAAT,1,1,0.0009802576117,False,0.0
NH120,q26,TGGACGC,1,1,0.0009802576117,False,0.0
NH120,q26,TGGCATA,1,1,0.0009802576117,False,0.0
NH120,q26,TGGGTGC,1,1,0.0009802576117,False,0.0
NH120,q26,TGGTACA,1,1,0.0009802576117,False,0.0
NH120,q26,TGGTAGA,1,1,0.0009802576117,False,0.0
NH120,q26,TGGTATG,1,1,0.0009802576117,False,0.0
NH120,q26,GCTCGCC,1,1,0.0009802576117,False,0.0
NH120,q26,ACGCTCT,1,1,0.0009802576117,False,0.0
NH120,q26,GCGGTGT,1,1,0.0009802576117,False,0.0
NH120,q26,ATGATCT,1,1,0.0009802576117,False,0.0
NH120,q26,AGCTGCA,1,1,0.0009802576117,False,0.0
NH120,q26,AGCTTCC,1,1,0.0009802576117,False,0.0
NH120,q26,AGGCCAA,1,1,0.0009802576117,False,0.0
NH120,q26,AGGTCGG,1,1,0.0009802576117,False,0.0
NH120,q26,AGGTGGT,1,1,0.0009802576117,False,0.0
NH120,q26,AGTCCAC,1,1,0.0009802576117,False,0.0
NH120,q26,ATAACTC,1,1,0.0009802576117,False,0.0
NH120,q26,ATAGGCT,1,1,0.0009802576117,False,0.0
NH120,q26,ATGAATC,1,1,0.0009802576117,False,0.0
NH120,q26,ATGACAG,1,1,0.0009802576117,False,0.0
NH120,q26,ATGACTG,1,1,0.0009802576117,False,0.0
NH120,q26,ATGAGGA,1,1,0.0009802576117,False,0.0
NH120,q26,ATGCTCA,1,1,0.0009802576117,False,0.0
NH120,q26,AGCTACC,1,1,0.0009802576117,False,0.0
NH120,q26,ATGGGGG,1,1,0.0009802576117,False,0.0
NH120,q26,ATTATTC,1,1,0.0009802576117,False,0.0
NH120,q26,ATTATTG,1,1,0.0009802576117,False,0.0
NH120,q26,ATTGGTA,1,1,0.0009802576117,False,0.0
NH120,q26,CAAAACT,1,1,0.0009802576117,False,0.0
NH120,q26,CACCCCG,1,1,0.0009802576117,False,0.0
NH120,q26,CACCGCA,1,1,0.0009802576117,False,0.0
NH120,q26,CACGGCC,1,1,0.0009802576117,False,0.0
NH120,q26,CACTACG,1,1,0.0009802576117,False,0.0
NH120,q26,CACTCCA,1,1,0.0009802576117,False,0.0
NH120,q26,CACTTCG,1,1,0.0009802576117,False,0.0
NH120,q26,CAGATTC,1,1,0.0009802576117,False,0.0
NH120,q26,AGCTCCC,1,1,0.0009802576117,False,0.0
NH120,q26,AGCCTAA,1,1,0.0009802576117,False,0.0
NH120,q26,CAGGTGC,1,1,0.0009802576117,False,0.0
NH120,q24,TGAGATG,1,1,0.0009802576117,False,0.0
NH120,q24,AAACGTG,1,1,0.0009802576117,False,0.0
NH120,q24,ACGGGTC,1,1,0.0009802576117,False,0.0
NH120,q24,ATGAGGG,1,1,0.0009802576117,False,0.0
NH120,q24,CAGCGCG,1,1,0.0009802576117,False,0.0
NH120,q24,CTATTGG,1,1,0.0009802576117,False,0.0
NH120,q24,GCGCATA,1,1,0.0009802576117,False,0.0
NH120,q24,GCTGTCA,1,1,0.0009802576117,False,0.0
NH120,q24,GGGGGAA,1,1,0.0009802576117,False,0.0
NH120,q24,GGGTCGG,1,1,0.0009802576117,False,0.0
NH120,q24,GGTGGGG,1,1,0.0009802576117,False,0.0
NH120,q24,TATCATT,1,1,0.0009802576117,False,0.0
NH120,q24,TCTCCCC,1,1,0.0009802576117,False,0.0
NH120,q24,TGTGCGG,1,1,0.0009802576117,False,0.0
NH120,q26,AGCCGCC,1,1,0.0009802576117,False,0.0
NH120,q25,GGGAGGG,1,1,0.0009802576117,False,0.0
NH120,q25,TAGGGCG,1,1,0.0009802576117,False,0.0
NH120,q26,AAACATG,1,1,0.0009802576117,False,0.0
NH120,q26,AAACGTT,1,1,0.0009802576117,False,0.0
NH120,q26,AAACTTG,1,1,0.0009802576117,False,0.0
NH120,q26,AAGATTC,1,1,0.0009802576117,False,0.0
NH120,q26,ACAGCCG,1,1,0.0009802576117,False,0.0
NH120,q26,ACAGTCC,1,1,0.0009802576117,False,0.0
NH120,q26,ACGTGCC,1,1,0.0009802576117,False,0.0
NH120,q26,AGAAGCG,1,1,0.0009802576117,False,0.0
NH120,q26,AGCAAGA,1,1,0.0009802576117,False,0.0
NH120,q26,AGCAGAT,1,1,0.0009802576117,False,0.0
NH120,q26,CAGCCAC,1,1,0.0009802576117,False,0.0
NH120,q26,CAGTGCG,1,1,0.0009802576117,False,0.0
NH120,q26,GCGGTCC,1,1,0.0009802576117,False,0.0
NH120,q26,CTTTGTA,1,1,0.0009802576117,False,0.0
NH120,q26,CTCTTCA,1,1,0.0009802576117,False,0.0
NH120,q26,CTGACGC,1,1,0.0009802576117,False,0.0
NH120,q26,CTGCGAC,1,1,0.0009802576117,False,0.0
NH120,q26,CTGTGGC,1,1,0.0009802576117,False,0.0
NH120,q26,CTGTTAT,1,1,0.0009802576117,False,0.0
NH120,q26,CTTCCGT,1,1,0.0009802576117,False,0.0
NH120,q26,CTTGCTA,1,1,0.0009802576117,False,0.0
NH120,q26,CTTGCTT,1,1,0.0009802576117,False,0.0
NH120,q26,CTTGGCA,1,1,0.0009802576117,False,0.0
NH120,q26,CTTTATC,1,1,0.0009802576117,False,0.0
NH120,q26,CTTTCAT,1,1,0.0009802576117,False,0.0
NH120,q26,CTTTCTT,1,1,0.0009802576117,False,0.0
NH120,q26,GAACACT,1,1,0.0009802576117,False,0.0
NH120,q26,CTATTGA,1,1,0.0009802576117,False,0.0
NH120,q26,GATCCGT,1,1,0.0009802576117,False,0.0
NH120,q26,GATCCTT,1,1,0.0009802576117,False,0.0
NH120,q26,GCACGCT,1,1,0.0009802576117,False,0.0
NH120,q26,GCCCATA,1,1,0.0009802576117,False,0.0
NH120,q26,GCCGCGA,1,1,0.0009802576117,False,0.0
NH120,q26,GCCGTAA,1,1,0.0009802576117,False,0.0
NH120,q26,GCCGTGG,1,1,0.0009802576117,False,0.0
NH120,q26,GCCTCAT,1,1,0.0009802576117,False,0.0
NH120,q26,GCCTCTA,1,1,0.0009802576117,False,0.0
NH120,q26,GCGGACG,1,1,0.0009802576117,False,0.0
NH120,q26,GCGGAGT,1,1,0.0009802576117,False,0.0
NH120,q26,GCGGGGC,1,1,0.0009802576117,False,0.0
NH120,q26,CTCTCCT,1,1,0.0009802576117,False,0.0
NH120,q26,CTAACTT,1,1,0.0009802576117,False,0.0
NH120,q26,CATCATC,1,1,0.0009802576117,False,0.0
NH120,q26,CGGAGTG,1,1,0.0009802576117,False,0.0
NH120,q26,CATCCTC,1,1,0.0009802576117,False,0.0
NH120,q26,CATCGCG,1,1,0.0009802576117,False,0.0
NH120,q26,CCCGGCC,1,1,0.0009802576117,False,0.0
NH120,q26,CCGAATC,1,1,0.0009802576117,False,0.0
NH120,q26,CCTTATA,1,1,0.0009802576117,False,0.0
NH120,q26,CGATCAT,1,1,0.0009802576117,False,0.0
NH120,q26,CGATGTT,1,1,0.0009802576117,False,0.0
NH120,q26,CGCAGGG,1,1,0.0009802576117,False,0.0
NH120,q26,CGCCGGA,1,1,0.0009802576117,False,0.0
NH120,q26,CGCTGGG,1,1,0.0009802576117,False,0.0
NH120,q26,CGGAAGT,1,1,0.0009802576117,False,0.0
NH120,q26,CGGAGAC,1,1,0.0009802576117,False,0.0
NH120,q26,CGGAGTT,1,1,0.0009802576117,False,0.0
NH120,q26,CGTTGCA,1,1,0.0009802576117,False,0.0
NH120,q26,CGGCAAC,1,1,0.0009802576117,False,0.0
NH120,q26,CGGCGGC,1,1,0.0009802576117,False,0.0
NH120,q26,CGGCGTT,1,1,0.0009802576117,False,0.0
NH120,q26,CGGGCGC,1,1,0.0009802576117,False,0.0
NH120,q26,CGGTAAA,1,1,0.0009802576117,False,0.0
NH120,q26,CGGTAAT,1,1,0.0009802576117,False,0.0
NH120,q26,CGGTGTC,1,1,0.0009802576117,False,0.0
NH120,q26,CGGTTAT,1,1,0.0009802576117,False,0.0
NH120,q26,CGTCGGT,1,1,0.0009802576117,False,0.0
NH120,q26,CGTGGGT,1,1,0.0009802576117,False,0.0
NH120,q26,CGTGGTG,1,1,0.0009802576117,False,0.0
NH120,q26,CGTTACA,1,1,0.0009802576117,False,0.0
NH120,q27,TTTTAAT,1,1,0.0009802576117,False,0.0
