,lesion_tissue_type,lesion_locus,lesion,x,y,z,weeks,barcode,cfu,barcode_dissem_type,barcode_id,lesion_dissem_type,lesion_id,present,molecs,percent_molecs
0,Gran,RLL,RLL01,-20.266869,-12.706462,-144.988998,3.0,q24 GCGAATT,212.351805,contained,4,containing,7,0,29214.0,100.0
1,Gran,RLL,RLL04,-18.913794,-20.993357,-156.238998,3.0,q24 ACCTAGT,8039.77563,contained,6,containing,9,0,37857.0,100.0
2,Gran,RLL,RLL05,-29.644596,-11.025663,-156.238998,3.0,q19 TCAGTGG,178.22502,contained,5,containing,8,0,,-1.0
3,Gran,RLL,RLL08,-29.868364,-13.852316,-157.488998,4.0,q19 TTGTGGC,31.13895,disseminated,1,disseminating,1,0,41649.0,100.0
4,Gran,RLL,RLL11,-32.782093,-10.36009,-159.988998,3.0,q19 GGCGGGG,2834.88975,contained,7,disseminating,2,0,5427.0,14.1203101421
5,Gran,RLL,RLL11,-32.782093,-10.36009,-159.988998,3.0,q24 TTGGCGT,2834.88975,contained,8,disseminating,2,0,24792.0,64.5053858563
6,Gran,RLL,RLL11,-32.782093,-10.36009,-159.988998,3.0,q19 TTGTGGC,2834.88975,disseminated,1,disseminating,2,0,8215.0,21.3743040017
7,Gran,RLL,RLL12,-28.04817,-20.936991,-161.238998,3.0,q19 CGTGAGG,225.41427,contained,9,containing,10,0,39877.0,100.0
8,Gran,RLL,RLL13,-35.863567,-26.457985,-161.238998,3.0,q23 CGGGCCT,1834.9107,contained,10,containing,11,0,9079.0,100.0
9,Gran,RLL,RLL14,-35.093369,-11.831975,-162.488998,3.0,q23 CCTTTTG,755.02864,contained,11,containing,12,0,53423.0,100.0
10,Gran,RLL,RLL15,-22.704374,-14.112867,-167.488998,3.0,q19 GGGTCAC,166.0744,contained,12,containing,13,0,31320.0,100.0
11,Gran,RLL,RLL16,-39.226517,-10.874798,-167.488998,3.0,q24 GGCTATG,96.2024,disseminated,2,disseminating,3,0,36623.0,100.0
12,Gran,RLL,RLL17,-39.853947,-13.260997,-167.488998,,q23 GCGCGAA,62.53156,contained,13,disseminating,4,0,19241.0,40.6881092855
13,Gran,RLL,RLL17,-39.853947,-13.260997,-167.488998,,q24 GGCTATG,62.53156,disseminated,2,disseminating,4,0,28048.0,59.3118907145
14,Gran,RLL,RLL18,-36.351261,-20.774647,-167.488998,3.0,q24 TTTGGGA,2568.87498,contained,14,containing,14,0,86878.0,100.0
15,Gran,RLL,RLL20,-31.041555,-15.745072,-172.488998,3.0,q23 AGTCGGG,531.43808,contained,15,containing,15,0,30214.0,100.0
16,Gran,RLL,RLL22,-22.063442,-15.343095,-174.988998,3.0,q23 GCCACAT,1427.62371,contained,16,containing,16,0,37430.0,100.0
17,Gran,RLL,RLL23A,-22.709435,-12.300104,-174.988998,3.0,q24 ATCATCG,849.40722,contained,17,disseminating,5,0,32432.0,86.2553191489
18,Gran,RLL,RLL23A,-22.709435,-12.300104,-174.988998,3.0,q24 ATCCGGT,849.40722,disseminated,3,disseminating,5,0,5168.0,13.7446808511
19,Gran,RLL,RLL24,-40.315998,-11.207581,-176.238998,3.0,q23 GTCAGGC,978.61904,contained,18,containing,17,0,36743.0,100.0
20,Gran,RLL,RLL26,-52.011078,-21.476332,-177.488998,3.0,q23 TTGGCGA,795.12797,contained,19,containing,18,0,103833.0,100.0
21,Gran,RLL,RLL23B,,,,,q24 ATCCGGT,967.380445,disseminated,3,disseminating,6,0,23900.0,100.0
22,Gran,RLL,RLL23C,,,,,q24 AGCGTTA,1014.569735,contained,20,containing,19,0,29619.0,82.261289785
23,Gran,RLL,RLL23C,,,,,q24 CGAGGGG,1014.569735,contained,21,containing,19,0,6387.0,17.738710215
